{
  "collapse-filter": false,
  "search": "",
  "showTags": false,
  "showAttachments": false,
  "hideUnresolved": false,
  "showOrphans": true,
  "collapse-color-groups": false,
  "colorGroups": [
    {
      "query": "section:(criatividade)",
      "color": {
        "a": 1,
        "rgb": 13172480
      }
    },
    {
      "query": "section:(italia)",
      "color": {
        "a": 1,
        "rgb": 61183
      }
    }
  ],
  "collapse-display": false,
  "showArrow": true,
  "textFadeMultiplier": -3,
  "nodeSizeMultiplier": 1.92503597122302,
  "lineSizeMultiplier": 5,
  "collapse-forces": false,
  "centerStrength": 0.434892086330935,
  "repelStrength": 0,
  "linkStrength": 1,
  "linkDistance": 30,
  "scale": 1.0534979423868347,
  "close": false
}