{
  "main": {
    "id": "5551f89c52f8bbc9",
    "type": "split",
    "children": [
      {
        "id": "02a0766ab1008be6",
        "type": "tabs",
        "dimension": 50,
        "children": [
          {
            "id": "70f04bb6f81fc815",
            "type": "leaf",
            "state": {
              "type": "markdown",
              "state": {
                "file": "Obra e vida de Leonardo da Vinci.md",
                "mode": "source",
                "source": false
              }
            }
          },
          {
            "id": "484c6f65a6d88bb6",
            "type": "leaf",
            "state": {
              "type": "graph",
              "state": {}
            }
          },
          {
            "id": "834c857460fcb08a",
            "type": "leaf",
            "state": {
              "type": "markdown",
              "state": {
                "file": "Ferrari.md",
                "mode": "source",
                "source": false
              }
            }
          },
          {
            "id": "fc122a385b6ac70a",
            "type": "leaf",
            "state": {
              "type": "markdown",
              "state": {
                "file": "Historia da Ferrari.md",
                "mode": "source",
                "source": false
              }
            }
          }
        ],
        "currentTab": 3
      },
      {
        "id": "dc7461af2618fca4",
        "type": "tabs",
        "dimension": 50,
        "children": [
          {
            "id": "3d8e242a55dbf7c9",
            "type": "leaf",
            "state": {
              "type": "reveal-preview-view",
              "state": {}
            }
          }
        ]
      }
    ],
    "direction": "vertical"
  },
  "left": {
    "id": "999933fb2c45324f",
    "type": "split",
    "children": [
      {
        "id": "907898e8e63f3e58",
        "type": "tabs",
        "children": [
          {
            "id": "659e010cbe286115",
            "type": "leaf",
            "state": {
              "type": "file-explorer",
              "state": {
                "sortOrder": "alphabetical"
              }
            }
          },
          {
            "id": "bcfc143541eadc7a",
            "type": "leaf",
            "state": {
              "type": "search",
              "state": {
                "query": "",
                "matchingCase": false,
                "explainSearch": false,
                "collapseAll": false,
                "extraContext": false,
                "sortOrder": "alphabetical"
              }
            }
          },
          {
            "id": "0ab981177af801c9",
            "type": "leaf",
            "state": {
              "type": "bookmarks",
              "state": {}
            }
          }
        ]
      }
    ],
    "direction": "horizontal",
    "width": 201.500732421875
  },
  "right": {
    "id": "71037518cf66ba8c",
    "type": "split",
    "children": [
      {
        "id": "ff22c3498858eeef",
        "type": "tabs",
        "children": [
          {
            "id": "3d5814d2582dd009",
            "type": "leaf",
            "state": {
              "type": "backlink",
              "state": {
                "file": "Historia da Ferrari.md",
                "collapseAll": false,
                "extraContext": false,
                "sortOrder": "alphabetical",
                "showSearch": false,
                "searchQuery": "",
                "backlinkCollapsed": false,
                "unlinkedCollapsed": false
              }
            }
          },
          {
            "id": "98e6db1689479da5",
            "type": "leaf",
            "state": {
              "type": "outgoing-link",
              "state": {
                "file": "Historia da Ferrari.md",
                "linksCollapsed": false,
                "unlinkedCollapsed": true
              }
            }
          },
          {
            "id": "d1490ce29d8bbc95",
            "type": "leaf",
            "state": {
              "type": "tag",
              "state": {
                "sortOrder": "frequency",
                "useHierarchy": true
              }
            }
          },
          {
            "id": "6d20fbe3c07d94f5",
            "type": "leaf",
            "state": {
              "type": "outline",
              "state": {
                "file": "Historia da Ferrari.md"
              }
            }
          }
        ]
      }
    ],
    "direction": "horizontal",
    "width": 300,
    "collapsed": true
  },
  "left-ribbon": {
    "hiddenItems": {
      "switcher:Abrir a troca rápida": false,
      "graph:Abrir visualização em gráfico": false,
      "canvas:Criar novo canvas": false,
      "daily-notes:Abrir a nota de hoje": false,
      "templates:Inserir modelo": false,
      "command-palette:Abrir paleta de comandos": false,
      "obsidian-advanced-slides:Show Slide Preview": false
    }
  },
  "active": "fc122a385b6ac70a",
  "lastOpenFiles": [
    "Ferrari.md",
    "Historia da Ferrari.md",
    "Obra e vida de Leonardo da Vinci.md",
    "Top carros da Ferrari.md",
    "Pesquisa/Cidades e Regiões/Itália.md",
    "Pesquisa/Criatividade/Criatividade Italiana.md",
    "Pesquisa/ideias/Figurões da vila de vinci.md",
    "Pesquisa/Cidades e Regiões/Vila de Vinci.md",
    "Misterios da vida de DaVinci.md",
    "Pesquisa/ideias",
    "Pesquisa/Cidades e Regiões",
    "Pesquisa/Criatividade",
    "Pesquisa",
    "Arquivo 1.md",
    "Arquivo 2.md",
    "Sem título 4.md",
    "Sem título 3.md",
    "Sem título 2.md",
    "Sem título 1.md"
  ]
}